USER_ID,ITEM_ID,TIMESTAMP
jxyfrmbowrctbykn,6208688885634750,57981067194
cicgoitkcngxjofg,9.51413787285501E+015,62746155706
pdkzecjxdrhwlfiq,9.41971836636002E+015,2696869787
gqzpmmsbxuhnwxja,5680312931967233,16502692602
bkpxnuapldiumghp,267111036221851,81332076953
lrzqpcupvwwnjnom,4276907752803374,62977314253
gcuhovujuwdxxisy,4292336426470512,35359247769
rsxdcrwgclwsvmwt,7199104103313170,60739983845
gisvakzvyeqcxtwn,912196368395843,53725041511
wtunyokgmswphwro,5566375612571502,74367662560
oklthfoasepuwxzw,7361304488234485,38793942036
whjotptltesbqefh,3478100752431822,13891025772
znpsqdunyhuiukbk,4464406259109068,96289614954
cxjyihzaekantmgd,1607223993888939,6696687160
rwjmzravmckhswui,2539061622888058,7979304265
kevejndepinbzymc,4992747941040867,58631630481
euaykntxwwjqycpg,1412029669761858,88269666372
qdfigbwywgntoteg,5427082468359568,79792135257
zhtkwptnxzjxicpv,8214943090808010,31973033426
aegpktogymymjwvp,2094329692630508,62966596979
iyvwmkpknnhcxcbi,9.18219851627995E+015,73573109638
gubvoycxtkvpabqr,9.76874740662091E+015,83266147799
sbojdgmtasvduwax,4642705689658201,33695022116
appstxnazoxytzjy,2137408142890913,82715203676
ltrutqesufizpkio,8506301918687963,20386291792
utfdhqxxjkgwvvco,9.65623894475117E+015,81516743025
jojuawupjatusgld,9.05294259613124E+015,26208633001
lqivabeivozxryue,6059434251543187,90857606489
qlhqephrdxxhqvwe,9.31737034025792E+015,93608841695
slruwjnfsmkugwom,2754855896666239,71057771391
awzrniyhlcsurukw,1769804825060023,46592143463
pcbmjxtorsdgmbkk,5568046037938461,88468774405
dfgzinjbbwmtzcwa,309167308980229,850790987
zyspsldcrqmuwkwy,181365285521447,55578783981
wzvsatjwvluwcshe,8673961148249152,52347349351
grlttstiwtnvynvi,3664246259565984,5814747682
ftuwzqmzprxmglao,5122648482873005,38952650827
kmiuqliiceophojg,6786548559262627,60583086477
ltpipkpwuwurwmne,4474139445271948,70621561186
rnkkebbtfvtwpjbo,2817696696695929,22014350419
xaowqbpbwjrevwif,3990330387705716,33714345339
fslsxpswodlrjgjv,5123916427721028,83844567409
mfgpuaiiyrbpjpsd,6222921505728048,89978872063
fvybtbkesfgprkoc,2655087811198595,58153839309
pzmtesnpezjobspr,1390499467699386,18880523023
vmupjnrwopcafjfz,904709320747120,5955857282
qnirkcfkpqqhxddj,7859680899320138,81179454014
bufwpxdvetiovofv,3010312658485809,38027131856
iyuybmwthfopncjm,8771036572132058,75111547631
kzdsduvuntvlzang,4404846358815844,94340567977
fltfzqwybjbmqluh,146610031423408,23865652913
nxmwtyefgxotajlr,9.83913152234079E+015,38085314472
efaymhktgoewolnz,5467579991969585,63743095386
tkhhtaofhsmifawe,8849517977640935,22389671613
qztfkhvsgakjwxmd,9.0421062543058E+015,14503307763
hoescpbvopjpbpsi,9.34673265506481E+015,89091143027
jqhvkdqfgxhtiloc,9.6884887499259E+015,49775533118
uljurqnyzdyeaunq,6752780844570225,8634696710
sechcvxfggjlforg,9.18996046975865E+015,25592521509
qhiltfrjqtaevwtj,3778406133469854,36463496755
qiyanruumclvjagu,2425753555182577,99607486363
lpkvlkguznyuslkx,9.04497311496256E+015,35070888756
slqvtknrxzigryys,7555108071119675,30031996470
uzajlkfnlerkewhk,3458865467814326,23657759590
nhgulmeqpqspceix,7350287163595021,60249778545
swkbrjyqqroauehc,1834280357927907,88909235510
mwbuiogqrbavlffn,3990330387705716,92982237770
qnsnvvzxboebxpjh,3587312913853925,60824247422
lvrtevilomzadgwe,1750055024348378,38468674960
fltfzqwybjbmqluh,8529244600301447,59192683456
znpsqdunyhuiukbk,3928965554289206,63247142293
rwxiqxggdkybbozx,6554109318812156,70692246344
pmtlivagetrvixwr,7680228740881849,46209215118
nxvpkmnbespdhyos,1807045893132219,34224780411
yqtfbeangwhiehtk,5131003305932911,70498716027
xehdljxutkissluz,8852053942998646,75086319015
yzzarshptzxwvebx,5268165213742206,68130144174
wqsiyemfxshgeqep,4953990667885740,48924567572
bnyhnyagsonbvscp,9.09318352259706E+015,47649732214
htvvwqadhnmqhnlu,3944051990919878,59434604733
zjnrexnfgjrqhhdz,4802232145576894,87729226733
tzlwzhnwqxskkddw,8937293190897776,70558948141
hnmgtldvezuiqmof,9.98462470739259E+015,59497858510
pnjpujzhabqczews,4876143882492936,66898613001
jpplfhhdxpdynzfp,7455924283029969,31922426885
hdelopxtavcjlspt,7346951181699545,91343025560
vrlyxkflgoyvahri,9.55844579850733E+015,8300424531
wyliesqhzmqxfrid,7682306058487411,65255745846
hnnfqggwjhyhbgwb,433454466310715,40966568458
ahkzilvlyeyjutuo,6015652703672573,32593571797
tpzvouzexipoqhhs,8355285137926911,17561141463
uoacxsocjmccwwnt,7282195048764853,5781449772
tdjbsadxckflalnr,6367322519028691,33841424384
ngwgvvnkfsgovelp,9.61928006230902E+015,65516949825
qtkrirguzwmundam,1973772527919127,56501504397
scrffqaecalcsefm,7181465370264683,76214067042
pcwoavgovnkeikld,7479572173506535,56904935551
vyhxqnjwdxzcchqy,29068747258617,24086655129
lpvbonkasjaxegad,1621960001313843,66058126896
outgumelanjdycih,3851854685967895,62266797787
xdwpazpdthztmnra,5327407363858678,94453021810
kaimdkphntsauhrt,1061573602183501,88282196232
trhozgvtdighevuy,3078657236276070,13274492647
kexctfbquofyfljp,8250149314103983,8711431847
awemoylpxosqddvd,736521499962654,75307242140
jedagqpsxupswtsf,5782997738269130,54104028881
uytesyzmgrndpwaf,5152295077446393,12058148019
txgnnqmsgromgrai,3881872082110886,81071850343
xmnymgftaeawhcaj,7183687941405577,48605314097
hussqbgqpoinzxuo,7531651798723874,45193820038
zbpubortgfibyjdk,2053925401284979,68725793862
tpgxoooaepvhbucj,3957169316242526,44977818258
oaurskuyiqorghyo,5497674733732,47865923939
msezrmuarofeyvwd,2006701207456039,14986581205
pzbvyxygikicqmxq,6332465289513583,41482346688
jieuukdbybeutntb,6063485230612215,94348183735
wbfynwuciqjzbrmh,1352973823403861,86376282337
qqkzvughfhbfgltp,455759195238492,85101175997
ahtswzqwxjyvyewf,8472910508554071,45196427430
hxmkixfemtmwebwg,8368722455688983,89624236184
zlzdkfsouofhqrmb,3312656024884217,72397518229
xzguugdoezaewrjc,5122957484699899,21210561128
mojyvodyezfqhddd,3104634835209805,6801535360
juauztuxqfzgjmpb,7922417332377443,68135480606
rgbvqeckfzufmukb,5677670300475564,1317045899
mvhrwqhnmjdqycdk,8823348705718057,35795080885
xytrgtqdilrzmmql,9.02689530431972E+015,89206613429
bujrhjfdzrcylmnz,79563548667327,80746778972
tzpwbhavdbezrjpc,9.68934496888144E+015,1555303978
twnjmkmsmhwlzjxf,5977949548870202,11101241962
vepzypgrmkvknxps,1935923634925623,20582625598
qqmhcwkqvphqqfaj,7987220669044268,36577952358
bdcusgipbiwsgual,1143013286625074,64313898970
outgumelanjdycih,2135745322874609,61111985865
zoapchzyooxgsamt,2548257827718905,73178048803
etcwoaqnzpdtwnoa,6721119661873276,6747514578
hdpfbbzamhkgqbpr,2963683388883161,34452331064
tymxdcenlgonehhz,483253437382485,70974480024
pxykbhftufzawiff,9.14297654201996E+015,68402070940
skbzrrvbqgqwzkit,3400570392116231,55308399767
txivpspcposiicoq,424520471953205,84923588879
cjxqubbdeztawbjk,6385606756314959,41995363408
qnypxxhpvgscwlkr,2263666776328782,14892601521
prxhibpbrzponafo,6880077191612992,62803310631
zxomqykweeddfwgl,8768466960794223,31171310197
xgeskyinflnqofoh,3773685218691498,92771655423
rbnvqyxcnsftymuy,5412737670409012,18634143743
lalqrzkgqtpfegfw,9.70073234757814E+015,71969239219
rgxzjdeynnkjaoyr,8900796898186189,86469708398
ihuxbsystztiozkn,960686192984317,70098704634
chwwebqaoiutmope,7943329672457340,47714877341
jlqitdytrtijamfw,2925873420757882,88024527013
rydpqtfyaltajmfv,4239655004646825,31727533632
aztpmbysxbzxjdhh,7183687941405577,54785144657
aurrntjbabfmsqeb,460002280250562,74326305231
deypbqyjsfhlqwlp,8749855062566473,29088770678
nnzviwmxrogyrovu,9.30112497941758E+015,80116842902
jljidkywwirfhowk,8959196068068186,8759237756
ulkxsufaehgjznpi,4949974671445690,63275699570
aicktmonqduramtx,5375914752228500,90977775625
ixhfhonefluabfef,1333227563815515,66346010226
uhxspbmakthdajxt,3091113605039167,88809380587
awhiiutfyidfctnj,376284076154330,59945127595
qlxcsbypqwilzide,9.21754845915399E+015,83176208503
rhzrfshaszlsoghe,3913948240203381,36590125876
vmupjnrwopcafjfz,4053221948743861,47402259338
qtnbdypeungpwtre,4282677322644654,50853411208
pexjzfebwnxwaerj,7745227614892486,69187409735
hvgnhkvgdljjzexy,4518964465027408,12943802828
odozdzxabfitpihr,1480152537514383,71637356637
ngwrbkljnbkczsnc,9.04895270821124E+015,1725550978
yifqwoapqsfrndjx,2747949254814985,41212017270
pldeyqqccmqrbehb,6669333267394057,7832696265
nzzynozvenoaaugo,4536629625903256,86348542510
gkocdrzwluinucwm,5500946269192658,72547339112
bkpxnuapldiumghp,2220013309378349,93875791717
lalqrzkgqtpfegfw,2756596135601000,53187695681
soggktgheyflpisc,9.10596201179853E+015,19117839568
auzvimluagtiiawv,9.27148490689292E+015,4363142770
edlwbavhgwdoknwm,5210559430830789,6898689960
faeugtvkngdhvomi,1807045893132219,46975530146
kjisanvapbzutsqc,4137463086145134,67589275264
czbuxptnysnkgexv,7068723529154464,20793517056
hvxlnmlcvtltzctj,8628362124971456,9757368500
xtglffllzylidope,3949766994312881,21010522965
kxexlhhcgqellnkx,7316669893466302,62334825655
wsvsmhtlyohompwn,9.96373397156124E+015,73075184599
tvpdhwzeqqaikdfc,720974460746569,62673555309
huvpxavljdguyaba,6359725021874614,76715178774
nuaugkpvgasdaqkj,545005875137735,66518420633
uklcyjvwsrklhtkp,646551051007541,91771029560
pfgewwlbgvnugfyf,6792807438201600,63875719502
ucfwervpgpemragk,2294584075910310,80115399909
kgjufyoyudqvakdv,9.98423317405273E+015,86479432861
iwwxaebvouqjpxkx,6135453598894742,97384550598
kzugwdmqqnzvdryf,4475574018497466,96434368760
sqgzbfaxzqzoudzq,4202118421161482,84221898479
xaowqbpbwjrevwif,2388754202765480,232136506
xzhtypwwenhfjwlo,3169745200482994,39067686065
wmsjooacieouwerp,6856878275541390,37339199648
vgdfoladqpngpbsl,9.03717105064324E+015,87817608185
gpxxpwwcelkgzjgj,6040414771479813,55877450113
txucjpsimebuhdxm,4357370295287730,93775144694
jzaowdliemxwnxsr,6350903362251144,39503411276
yhmokfvbvelclres,5722555578507116,90027993833
tttkzwnatkthnhhu,2416141512099624,77235904218
fnzcoucrxmkoacuq,4258974065004026,62920000668
pkwnwwvapihfozmm,4720135283960152,15978049122
dungxknsqfickeeg,2388463468308390,38701485110
rgxzjdeynnkjaoyr,4316290975485854,85344519333
udlwntnqcovchkwc,7181572912065422,99129397135
todmtueaxemcvvpi,6541069972972855,90236668281
qhiltfrjqtaevwtj,5682141213962689,49212257981
qfjbngtpajlrtjvb,6593113314021108,38404903729
xjqipqfqothizsaa,6280489572716950,92260202356
rocqiznshkltsuzd,7456059785142656,13929208179
utvqjoosjddhlyxt,3937350713556295,89742129481
ifsyxrusahyszbwy,2600484906427980,87713672737
qognzoqvnkyyrfrq,2817696696695929,7455723799
eveprkooxlnuqkyn,5529235985696971,94788670462
wmcjjctoyvbnkwxe,9.88016221298615E+015,20336203910
kibhsxjvhpyqpnlt,1759363889153966,4558353369
pgjquexszywtfoyw,9.49703442295322E+015,79762332457
fynmyuivvcvzstps,4475574018497466,39696955632
uwirqnjvifrauykw,3655712438477498,30203886824
hexmobgprbkzlxvo,808424118637009,4687378655
ikuqgckvjsiooaxb,1944558482116540,78587652198
oawhdbrnwwapclfu,5341000593819058,37378642197
chlpjpsiddbseexm,9.53103466515544E+015,61468337578
cszdllovbunmduno,4477428687750621,55553331631
lnwonskwbnlawhxt,3454813967751426,75705594380
xdvxfitxlwnjhlgx,4629418584237459,63908419062
npuyavojleffbcwg,9.98855087601803E+015,76187030164
lgucnotxvnjjciwy,8272074073008560,68410475118
esonsxxhzbfazhrv,8196499028621474,51385614909
rgoeiobdviujscdv,7327198705592241,26595506557
qsykfxqnzucufpqg,2220013309378349,27347343531
yhqbuosvnnhwrklm,471103640904683,84671818280
aeaqdszaeoaywmsv,4326648250578322,44822909303
sbgtcjcfhzwjnfwc,84871120433807,45960822043
ewrjbxvtirloxrvg,1927373437153155,67791534727
ihuxbsystztiozkn,9.01032489127097E+015,30362262068
kqggaenoxpdhvmnk,4591901838669960,54697230809
szzeufxdacjedvjc,522351846122912,1122345086
mpweopddrrgkyxkz,7386044178061579,87357610538
wrvqynlwcswvurno,9.1084998158857E+015,51187331036
jljidkywwirfhowk,1236131965292085,58993570024
yjkvsdxdqmrzpdhz,5077667391298403,909022487
fnvqqpimwwttxdlc,6152025578359466,15480046058
ufzjcrsaduzbyfcy,4563319945667383,84521367246
aruyivixpvrktmmw,5293551335762173,49662241498
bzlfuugaargcsday,183510794750937,8771789649
nvnqksqxudduixgk,672667779956003,42825941410
ujoprrhvyjqvplqy,6198503772332679,97752230281
gkbikrrwzhosdeup,1480875112186863,13784199699
ernadtxecxvqftqd,5573536634591694,68068523400
tnubxzhckxzugvmf,8712644082087168,49689622298
ikgwlwgysqhfgzzy,8276243871931574,3529908825
fnakwiexynhjqjra,1922765377004914,73856885117
bqjqeizohwrecctj,2600484906427980,48110627661
zyxeuvbkupxzyflx,9.30112497941758E+015,6544064156
tfdhzcbikyvmlvzq,1844045293811218,43921144319
uwpwwaflsmltkcad,8167504865536762,54664818509
vmvuoonssabqnyyl,5436580867343054,89389199979
vkftynfljxqbjcbz,6778636370155897,90799550090
znxnjsqflniosirp,4463095440324773,37920289997
jxldczrhgcsjhavf,5673482415217702,39258781831
qnypxxhpvgscwlkr,8608950903208909,42273689182
mxrdasbamhlnizcv,3673890747748066,56391549224
fktsmtbvexijsycl,1895493152086427,88531002878
kmcgkegcsxuexpse,1236131965292085,97843220491
xmekkbctjeaukvyl,6505739269046834,44139561364
qndsaqkfcqxvqmud,4413450639267339,42343732123
puumactlmwldsegf,7556490391836669,83386066563
msezrmuarofeyvwd,4976885533277120,85230764880
qykmgeuchkxvthov,3366156672307587,68701551816
oqozyxdicrmlwvfr,9.68091152841961E+015,96387508269
jiidtudmxkrudxdi,477738662136819,50569347783
ypgmeylonkspateq,5473776175909379,8185888022
icweuizrutesigow,9.69706863753256E+015,17649339955
tnflnoghguffoxis,7248806160294554,78660188921
dbsxmpbgianicput,5224672928133152,61529605602
eofgliywyikkyoya,3547024224823872,61016263985
fqytisrjxjnwzqmb,4069164983647136,48206231322
nenpsqcccbojnhph,4802232145576894,86196112301
rlecimquqxainebt,7743489050007166,51434078712
kzugwdmqqnzvdryf,1807045893132219,9600214697
sjpyvayvnjgwbzus,9.3781097868778E+015,94254483291
jdkdmqhwlygxudcq,500153516536003,19869403268
aijtyntyklccxovg,499772455347380,98845467123
qllkrhpgsccmzuzo,8739144283058937,60550846809
gbjzuiisgbkkavzu,7074557811401784,43862305858
zoapchzyooxgsamt,9.88123996618841E+015,75308948348
nqrhaasebzzwnijt,7421428383359152,40629889056
gladwcgfszlmwetu,1493912269666206,89587492545
ozudguqpengrdnxn,4768834237944694,39150801271
tpwyfhyirlnzmsod,118341040162313,86499751766
tdjbsadxckflalnr,2561371181110602,40200147888
pququyazoluxbvad,7853408820222027,66097125109
yzzarshptzxwvebx,5073768674150448,58324631688
hoqoojmksfoyzfkq,869194916326132,20127767860
nhdsvtysmjntrysu,8454639924272237,94045433172
lzlpyjusmwvhikkh,4255513309856836,55280952025
ugniahtjmgufjbxh,4177532179857382,11846799221
pnxnbxuytbtqygwv,6804608216146258,34781916430
prmxwqjoavwhtwbd,3590354196604095,25247044993
bdcusgipbiwsgual,7381897772008453,70801936962
ienndgvpfgttsunn,200172794804763,18551495522
mrpxqaqnmaebgowd,2450304791001948,2011291806
nnszpnqqqniqwova,8688080723761989,19434459210
anqbeppezuutvoxp,4885756941466293,41187820303
txchchsmvmocozpi,2959394217437359,60177309175
bkvgohgvfbhqxgzw,4990173183681163,40919404328
pxapwuoxrcokxuns,7150896025591967,82732487976
dfsomdjqevdenlrx,1963484964036573,94554761271
mnnpkyfhcevxexiy,179722908894468,55740469981
ahkzilvlyeyjutuo,6970681607641928,27586485151
hzfbfkbwslmhryvw,5436580867343054,3418381369
bagnfubuvmsanyav,7202718138549188,65500568582
tgxirjbcrjcfjfbf,6398265133968548,73494432178
kzugwdmqqnzvdryf,3944051990919878,22346054959
spitcxblknvzzfmh,6044631590145427,57025482770
onmqdofqwqqwkkhj,8621358672683183,53876411117
ndezlmdubeoquchj,8993964692047486,56008026494
jxldczrhgcsjhavf,7879314885682943,62090968544
iavdxjpkhgptlfry,7083146475021417,59993759311
jiaxgnwzmsapgtyh,7386044178061579,69839989459
vyhxqnjwdxzcchqy,4766476014335418,67583009855
dvwdliqsxhnzqeid,626318646665149,23458289216
yhmokfvbvelclres,9.01436791098103E+015,55479360114
qqmhcwkqvphqqfaj,7300124831268065,78050849247
zdepuycndhjynkpw,8308829147361844,40994330699
rnkkebbtfvtwpjbo,5152295077446393,89263876904
jorrtufzmqqmfenz,3960893630558263,64007501264
xdkzbsmzvddnands,2686447153411223,29938797396
amvdcmjwijfjnyhc,6441486793004588,49349378576
bkprvuuvuhhpsviu,6399500860058742,84035556226
pggyebfmbzxmqcrg,7286113270756894,55765298468
tdtzhyvlbwrgcpeb,1388493087922443,90833588061
ihuxbsystztiozkn,7367693753592215,15003553090
uzajlkfnlerkewhk,9.77259973753101E+015,85755738089
nykcdkgdxpzludex,3590354196604095,45266981325
dfwcyuommgrbdrfu,3489303340350389,68383555041
eviscbekqbyqilwt,7968080715565998,14698711418
tpzvouzexipoqhhs,4557556178332341,68089376342
zrmibgwxjjfftwxr,9.50580043968572E+015,25056972740
iqwxyiftztnjkshs,6097834427165899,73791983316
jedagqpsxupswtsf,6387984529309718,93458468937
fzntopbxgmjalkwx,9.60999440092127E+015,25275102379
hgichxodwkwrdjkz,4119919355824893,99258352663
tpzvouzexipoqhhs,7207316295613698,56647740670
baszdncgzrgjypnd,3766603362392183,12878272426
fxdczsrfjggkwqan,1280446788412165,44936616287
vtgmjgvadyohxmfh,1044422283867165,47990403144
rqrjmljtaktjewuh,1327685885753502,41190529567
eoiqlenadgroulxv,3778036389615613,13526188538
pephhogpbypygerg,2747949254814985,58429955473
jqhvkdqfgxhtiloc,4788452535268876,58874340808
zosykgkqakymzsnf,8943527188349054,97781500291
mtgnarriczegaaee,1808476717449175,13639933250
nnglvzarjqfcwvpa,9.53103466515544E+015,74258566367
fsetzsyygdcfufrq,1039680706609851,17143217596
iakfmzealnzweiak,676351726316057,38848839600
qofjmixhlrtlkxko,7115286566466701,62125281650
efrxndgzicjnekpw,1950954712323181,13500866012
cmdecxxjfgnrcgus,7702134800754269,42940090541
kagkazbumlhipgqo,708322473958426,73024105460
chlpjpsiddbseexm,6727445938434379,12154043654
wqnxrecvrcosgghs,8943527188349054,13042309770
ucfbbxhkusnvwhxr,4145191705752479,62540097552
lhgqvpbhwzhsnuho,2917741420501748,34765417009
busfwjfxqketroyv,3518617839024651,4263972266
sjmgbikkygpxsfrj,9.51178572852053E+015,83432256135
hjlyjevinybiyuya,5666019752922356,32981588427
tbaansrfbcnqbxto,2135745322874609,63858760783
iuktlgjnyrkqjjvo,9.60108812798409E+015,47560380433
gjjfequomahazhlf,8815408016462435,38976089028
msezrmuarofeyvwd,5657430624601024,73281202450
fhjroikqlynmvkxs,6696009725598651,88678522223
dungxknsqfickeeg,6568860804165928,30463628464
uinmitbozcsdjsch,8841908721010850,22450967898
icjtjeptqprxmozo,7105070465205908,70813592266
tnflnoghguffoxis,7489318748786447,76313689040
xasomusvnghvysps,6767029744711527,91963659847
sfvehkwylinjmjok,9.35493506123236E+015,20992351367
mkkdbulqalaldiai,3683011141652081,68783576321
zggizyngjiglfxvh,9.51195701797994E+015,85930481354
mxzyqduwdepowisy,8350449588109949,5856511733
goldrhluqwcgzcjr,9.01032489127097E+015,11522905586
wgbzrobalsxnkakt,7724728392198401,7249359592
qqftolcysfmdqcng,9.60942403642167E+015,23839048365
ibzvvvdzcwhoyqdi,1146338962667724,21713372152
aziygaloazdlutba,9.73468572657693E+015,55094679678
szsaugsjzncryzis,662952479352239,2853741788
uvyldewuaoeibmli,7455924283029969,92860522147
rydpqtfyaltajmfv,9.67777946270762E+015,5447586965
sozdxxwgvtcyqwzk,3707596290257209,49725781369
xderswgfxmmgghdp,6133602898101572,4244586367
eofgliywyikkyoya,2689825502143054,74439256487
wysglentpkmxmuqn,6121110124370905,36474846269
agomozhoduywbxrf,1249730617153215,76269788600
spthlbfntbndexwz,4474139445271948,1337412961
iqnzssagfofqreum,9.33851935292469E+015,59164915432
nixqvqkjlcghwyez,919212422178807,31235520789
aicktmonqduramtx,9.77692440503707E+015,80317008256
pqpjrfswqrinyspj,7999459770338922,2961017203
bkvgohgvfbhqxgzw,6598251734828190,99748248426
skbzrrvbqgqwzkit,3322211620257239,38826530
rguaiepwrofrvruv,1522457789439663,27812789502
jiaxgnwzmsapgtyh,9.69468216553514E+015,31218984366
yjszhqxphnljcftn,2438013682988599,75506037594
mxzyqduwdepowisy,8603150157079391,11040895007
xdqvbolipwaitlyb,8841954601356886,48840720838
lutmhjclxfmmgmvn,8628362124971456,21289320675
pququyazoluxbvad,4323927975098533,70425655465
qfvsldebvqquvjij,1598301636179143,71920902776
ebbarqgztjlxdhja,6382290989132322,33911224236
pdgeyfqjeitgvvpe,7762293403338662,6260752163
dtgfjeusvbefouth,2618565221858009,87962149049
zqdqivfwitwiqwhn,4212164425036786,38354222357
hesbvjlfswnxagre,512052517507425,58286311076
vbjhnpufqxsfvldg,9.79308035352496E+015,29027194021
tttkzwnatkthnhhu,247119772230166,27784552110
ttjjnzcggbxptpsh,2440621223777345,20248910275
dphuszhgcibpeswe,4861438226750974,16013539001
tjsssifzgcuszamx,6751109836984044,75109410346
pduwotfmioamqzwz,1049376762491143,8352239894
axnwfakfonknkkce,5381240671477010,53585170045
rlnzuamlgkjetxyx,335792587256340,86656497540
aamtxjhorqjoxptb,2478052798314062,74103661620
utvqjoosjddhlyxt,9.97919421048547E+015,11181924222
zupxcpqtpzarwcqx,9.93404029877316E+015,78434854786
qdfigbwywgntoteg,4836393490320623,63662959711
jrkcfoxeecfradah,4508806729566178,61480088777
yskusdfjmlmkqmhi,1816346623696251,72085593616
fhhjnjdzglplkexf,256783690964721,18578757118
vwscouxzwbbdlxay,6848709482074893,21778591189
kxdcmlagzinrjjsa,7176843990622462,28026610749
kevejndepinbzymc,494655388476495,37053901752
kjneeuzjfchghitg,1308998140664636,76792693192
jbcmzyeuykcxntrc,6661789458951470,71638277961
xfdevuhgnrtatrrq,2025370735615320,70245065554
pltgtyirmlqpmfif,6074425699217975,16509554044
cvqrijuwqppigihk,5913977298766556,65923974050
pilovurvijphnyyc,4725630269206727,12896262003
khkhvxwfrxlgcugt,2318576794579289,34112553609
pekahwjzweudxbha,990132298871082,24760027480
jtbvbmwlblvnhghk,3444512420836403,9372433614
yczmjmozkwyhxzmk,7061845490916466,85772916630
cbwdduqxnshhoqsy,7811501303332749,24307109659
xlkuejhnlyohikya,9.51413787285501E+015,9277695541
tzmzwnbreoxmueov,7517999279574251,91051675499
nixqvqkjlcghwyez,7745039985914306,94979499938
rtxrjewmstbhbqjz,1035185380672566,10772089893
nraskinjcutepmxt,614223225724709,61190010414
uutecvvfqholhpdz,5432127028718069,17551965967
focmutgudrjwvosg,8945039252041989,20359823182
pxykbhftufzawiff,1007932586252096,19579878047
jgoonjvtzmpsvnur,1529804103732957,6264988697
ybavizzleqtexvhd,7181572912065422,84515598191
ftuwzqmzprxmglao,1273822685767,792070363
eqzflsctypvrdaix,7703838033986488,2852128394
efaymhktgoewolnz,7017624892057510,2023137296
duhhajhchyuxuurc,8108787351036760,27311674651
jlqitdytrtijamfw,2792752039709333,76188336252
ctwndqcntkbmsprz,3064572390311425,65056273374
cdgrvysdmeduicfz,3586094204268400,66258360177
euaykntxwwjqycpg,2757341540484873,92018798639
lrzqpcupvwwnjnom,2137408142890913,18350563708
ebdlayidyusfwglf,9.66751163137449E+015,84359370316
hnthvkvpeoapanzp,8601355952061879,89176771093
fnvqqpimwwttxdlc,2468374272540326,81734406520
tsdsjmepluolconn,9.28157150055458E+015,56883868117
odxwlvhvlojmeviz,268294423713945,72320167889
spzmqlnwdclkhasj,6523545359566470,82069696621
qhtmvhzrozkoleid,4885756941466293,67066077761
bdcusgipbiwsgual,7595606355297804,52527894803
cszdllovbunmduno,5228528884670984,11266011808
uwirqnjvifrauykw,2779160832247837,81452361595
alskxcdarpbqzkqp,6456676960501015,37861480841
ifsyxrusahyszbwy,6792323877318250,27242032941
szrgwamxfxashgqk,3486977852008757,33663685089
nkyfizhqekmhndab,435522732712865,61886229754
etcwoaqnzpdtwnoa,9.84170055409085E+015,36773011040
pcwbcyvzqbhonrae,9.51399492554042E+015,26683979454
oncsmlxraiirwyid,2364625295731023,52872424259
gkbikrrwzhosdeup,9.99158044284004E+015,72514882045
fnakwiexynhjqjra,2817696696695929,28940211187
biifopiolwotwbxt,724730059883376,56268242311
tudeykfldispldci,5193220432280699,14603743767
jjirozoahcbogczu,2257679677717536,87158887712
hiijvoiqtddssmin,4336070363150014,14024533808
xrlymwaszdljxdqo,1221722862860979,31697171128
eorusvpdysbdnytn,2364237722806518,97188425029
vmvuoonssabqnyyl,484996309377934,85755031200
jndpkvuowrlnbqio,1508544201914047,17801475029
cggtqycqrsfvfpuh,6780253501536838,55799510815
redtrtdjvsykjszt,4521575718655551,63866270744
ndezlmdubeoquchj,7392419703678542,25122858808
rxcoktnemcegtjdo,3608255717841140,62179613631
rycxyfboijhcgrlw,1366231983280984,44532904617
purxaajcfrsbvfjv,6965724160500549,62477863317
gtyhjleewnlhonhz,9.69706863753256E+015,92517341497
mdwnscrmmxexmayo,731150428887316,6955297997
exywhhrnahzghpoq,7879314885682943,9972588391
hojmxwbhesdczlnr,1099639403819927,67673139405
drqvszxivesoehmj,9.83140351600841E+015,89885528567
qofjmixhlrtlkxko,3442451201483687,50078544935
aruyivixpvrktmmw,6869154889482108,57497021028
ykixffjfuiniqaco,738484264872127,687346715
kaimdkphntsauhrt,7738973688320916,4073883439
nwbvljmfcdzduiox,7962537679126786,71605467489
tfdhzcbikyvmlvzq,8316448973851065,89560302542
pfqvhreiwffgoier,3344873632146019,25504915212
xderswgfxmmgghdp,3772704675422693,43803657696
kzlticnjjzbkyohm,1834280357927907,36800327616
pdkzecjxdrhwlfiq,5709014515980900,98070370758
rttcmjbzgaoalyeb,2138687622120297,88529674835
ohshwrtjcuousgof,4866811089192235,93334023913
mnzjeveranrmfslp,3414413503167441,42239626408
glmlimhhpebmjyfg,769329801582835,12225661108
ifsyxrusahyszbwy,9.86709748468444E+015,52998673405
kmvicayffbbectyo,8167504865536762,84177588615
btlmuztpkcwrgidb,9.31891676973528E+015,23201575016
gqzpmmsbxuhnwxja,4743812170362398,73307513828
tnflnoghguffoxis,7646026790159148,3950596911
jjirozoahcbogczu,1785454323660542,81564018754
rfjqiquennwrersd,5888375069697904,3485794062
nzhjfodqgjrohacv,1807045893132219,37780497471
wsvsmhtlyohompwn,7976192197186274,28840532737
qleqrrsxbgpztqnp,8211807594917094,5796972581
yhmokfvbvelclres,8852053942998646,68182625346
xkakukartlshmwah,4635537316547602,91530672004
wkpeypjcyntwybbe,5473776175909379,14288970575
twnjmkmsmhwlzjxf,4429679709239474,92615841464
cqrfbhjqvnunzskq,960104826547156,80676174439
iprqmxlmytgnkoey,3773685218691498,59476116977
mfdojbuozrquofit,4474530674990459,24896143869
osputqizwxrkfhvs,264954824836248,82638921407
zamghgxptmmplhpe,1703312227397442,47794477824
piyjymqptvioxjnj,5381240671477010,84590841462
wotakfemblbjlkvm,6739359349407463,2729067693
zjycxrzpusjqvvaf,9.15449495781017E+015,70923880161
pldeyqqccmqrbehb,2662579655507685,51134596632
cxjyihzaekantmgd,334360514428257,38621905736
efrxndgzicjnekpw,6450647508736245,83067116493
jpplfhhdxpdynzfp,742726774951943,2958064149
xzguugdoezaewrjc,9.62724809010818E+015,38338190758
owrrqkjnctrfinni,2270824778596403,24946050441
citktigfljcjcmpz,5617383594113434,57702166666
ahkzilvlyeyjutuo,6414149856813486,39784033207
lntelitlavawzumw,7077737101005938,50194875225
stfccupkxqxqantc,7342603256693486,62993854385
nzhjfodqgjrohacv,9.34765666813393E+015,94462848860
fgnsthmfgkhwkqkb,2492923812460335,54190064794
vklyoootbxqftddc,9.68091152841961E+015,46396366075
fiaxhhifqsixyjof,2149413036339230,78130705413
difpwnqbjljzrrwo,6114260985514417,99066600221
mxzyqduwdepowisy,3590354196604095,43069664147
eiwfnpmfqxwonmrx,104978910673799,4149854968
nnglvzarjqfcwvpa,5381240671477010,78363499623
qllkrhpgsccmzuzo,5806866164201509,97598171550
zxhyethojuhrzuam,2768155333114031,59033824295
ixhfhonefluabfef,7616693009036299,95718183994
qshbxwcwodgqftia,7531651798723874,30178660270
lzlpyjusmwvhikkh,9.49312051202887E+015,95947591428
bqjqeizohwrecctj,970058931372825,24833615563
kdgxfzlvobnknjwn,9.33312230074611E+015,46632175308
koqhrnxaptxlnheh,8410125898217266,93806961029
kmjertlmxhtmdnix,4198919643685632,37834436128
umspfyjazpnloacr,6419337409242799,40418202810
balblxnjsijyhpzk,2989271738023197,50357897446
gqzpmmsbxuhnwxja,9.04497311496256E+015,76271091842
nzhjfodqgjrohacv,5175788834699894,16756198024
pdgeyfqjeitgvvpe,8163118523617751,12561120071
buyhtwtvckmonwop,5680312931967233,94306838491
hvmwfhhipkulidxk,9.30326703525476E+015,66871170887
ppprlmvlbntdiyln,1857582908738911,79167084539
szzeufxdacjedvjc,5676420006731415,9125068317
pzmtesnpezjobspr,6110547218897223,61845442541
zggizyngjiglfxvh,9.14218915609184E+015,23150413573
lohzaqcwqrupwzgj,1775069846568247,61255808209
xsvbjlullfakuzob,6579589024128901,28351235579
syaaftqoarpkdprn,1505291623453631,59756468050
iavdxjpkhgptlfry,54213865508557,71798527478
htshagiejpmadohb,4194570092500544,49243617468
kpaoonqlkzrdfnkc,8560503674504565,77219178774
lluyvzprflybwfvh,4120136017482415,77727412331
guuukzbcngffohen,342334899724071,33860078008
ximjiddiqpcukrkl,5000348404032670,29247967567
hussqbgqpoinzxuo,2494388637644336,82015288173
jpbacswwxqvaavfo,6976718509474473,15014091071
wvjijfchumtrkpat,5367837606611127,66153959670
wckfqmznvyxrjqns,965896353307412,57363938991
mnjzhwurduimhvey,9.51482068134189E+015,57309526631
obrvhdcqwrheohsq,5067974164430150,218136734
wbzruvgbdnwpgahk,9.12884171922998E+015,13640554024
dlzvhcsvwyapjhuo,1162966378540228,17658699717
pdrdxkvtqctxqoph,7269844998440388,45259815709
jgoonjvtzmpsvnur,9.79308035352496E+015,17144758840
hqvpzbjqbnxvouwn,2671165413934800,39766140277
hnksyjrbwtbdtfxx,335321916515691,45865065273
igeetkxqlqbqvuib,9.30326703525476E+015,69648369333
aegpktogymymjwvp,5311574105048362,63315293021
pociidcvxrngyhhw,6456676960501015,31684990397
tzmzwnbreoxmueov,9.01129584683508E+015,67649037002
etpagpyvtondjbem,3442451201483687,4166173768
vpebyxzwfekltqqs,4766476014335418,34044914336
yhascyefkpjozbvf,7341342618945383,45540881224
edlwbavhgwdoknwm,5969914747624384,2076521025
kcfenrbzuqxvgefm,2515977705984868,45798542122
fsdnwddyndmyducw,777904537292029,25724203236
ibcffnjjkbqiaxhp,2543410874697784,37567410233
pwwchkmfyrlwhpwj,3733071652723145,47522364299
azmeslwrtblygogx,3124142534422430,88659926374
wmcjjctoyvbnkwxe,9.0136542940173E+015,61420618556
pjzfzrltzpdpnjcj,8594793727816722,70137985306
dfgzinjbbwmtzcwa,5031674995178554,23704666032
fisrlewbtzkywmyz,1741955807972923,32610280935
ienndgvpfgttsunn,6015652703672573,65832554286
ypnmkolyozzcpzma,7607444124065056,48756552047
vddqpzrijphmpknl,2460496802028254,18472661178
euaykntxwwjqycpg,1738913459870401,60991846578
okwkltstyagfiagw,5292958222074026,29205261519
cicgoitkcngxjofg,9.09294256649652E+015,85885187898
cshsuaatxplupetx,9.64973983728026E+015,80189104700
tjgizxkzlqjooofx,8717849920062493,74050222574
lgsethrnliijzeum,8436269761149922,38109928678
nedfquswydhjyevn,6590505902885941,70639602112
kymuwyljjxqbkesn,7860479200551670,52321663622
tjgizxkzlqjooofx,3431378656169031,76967219043
kmwifcypnnhjfseh,2304764150089937,54419186581
fynmyuivvcvzstps,2513085872064733,82238108585
qqscipmflxbvvtod,3516220536599953,21375950100
claiphtszfagqyfr,4849258573960022,53252180036
sfvehkwylinjmjok,4463095440324773,35618577981
hlgwoyvjjrcapofc,5683425917197560,42941984714
idwtkgxxdthntepa,9.94180832632466E+015,5499827531
wedwacvowewpufwu,5618483974145550,5719647797
tfdhzcbikyvmlvzq,3459011825949339,43160904457
mpglqrixqumywfia,704847432034046,6057776115
htshagiejpmadohb,4809614769602995,22593823284
jtbvgmutqogaxlvq,9.27457265338848E+015,19903278411
kqggaenoxpdhvmnk,5630829214341936,41211770414
jojuawupjatusgld,8681865856357278,33578800219
anxiglhflvkngwky,3449584398046476,79510703412
pdkzecjxdrhwlfiq,5698022509410742,13695501517
ofeccnudhdtqpfwf,5504521253261965,43197127546
dfsomdjqevdenlrx,9.04895270821124E+015,71096018722
jxldczrhgcsjhavf,5049109931490644,16681136458
wgbzrobalsxnkakt,7195189930258829,34571936686
jjirozoahcbogczu,425190029611052,27872262628
mrqebuqjnzkgxelu,8693300971468838,38172566059
jxldczrhgcsjhavf,5583958621083272,12560489228
urfixhsqiivvzosw,4765641876878341,11923117310
lvrtevilomzadgwe,7019074838728309,52662011453
xyrwhthlpdhvrids,7585686949616169,36539613442
kuuwbblayzuelsql,6892313683299924,74932820496
mbheskwigfeqkigl,4651946995458862,30086010032
hiwayvnokqyfqeub,2048722105944176,61509916770
dpgfqcluezwkqxga,563734115193725,45383194057
wayxdngacnivfxhu,200172794804763,67727926998
ljeunfglkxabniff,9.99090317151185E+015,56676619941
calpkymnbgbjnpua,6790602352663961,92242837465
zvjkjjnmlfpcuhjs,7058839811953767,47363204624
avxfotejaqdmphrp,210177832322623,5489632599
busfwjfxqketroyv,2759109789462125,19963468887
zxbchduiidjrrfrl,2564547067145544,83040175717
hosouwaowzecwrnr,7635049559271996,718867476
dnrcmnbyfkqcpkay,3492459485020155,18010298365
kqtdnvznzxuwkxiy,7687455886990240,60596902552
nvzvlzuhbfxkjvqx,4529560798813592,83409228852
ltupqnnxhkjuoipk,5408745111339737,46846178880
jrdnjoyxxiqyvmdh,5998198985171914,26100677265
jyshkvkawrlybuku,4707211289344184,4728424680
nraskinjcutepmxt,1121645959865731,10593538030
zckjfsgcfuavjudv,8436269761149922,65012132656
dtgfjeusvbefouth,4037893357562297,42304640088
wckfqmznvyxrjqns,461630803857331,74132192894
gtyhjleewnlhonhz,4850567225941500,77946675329
fiaxhhifqsixyjof,7509424109863520,80221227447
nuopbwtkarbsalhn,2232002652119905,23692250002
wpgbgvnyqbzipplq,2373789933000426,77153682557
ocflzutdjxjwpkxf,5092751108763851,23626048252
wjehhlplfqsicfee,7607066537343623,19414676306
xftnrpqpaxgybhki,1114523897738747,59133954723
plriqqcrairkdwci,8612858324839950,31280072491
cdczozkvlvmwaqsp,5919207594460276,43216204224
ssuwailajvnsnqjj,9.54641432608949E+015,7739355121
syxxzdobnzctwyhd,631615242243368,78218006964
cshsuaatxplupetx,7043950180605736,54564076253
rsxdcrwgclwsvmwt,5387958833711415,46540490909
cdgrvysdmeduicfz,7129040251073965,99671376399
pcwbcyvzqbhonrae,6822282763754033,4000057758
kcexphmbvcgtnsvl,9.74533831955958E+015,1614637023
ahkzilvlyeyjutuo,8964104010468700,30826384541
gwkcsvxuvieouxns,6003385133999551,47298232004
jiidtudmxkrudxdi,5764322196062259,79952920429
fmnowoccpkjzymuo,7769845581522311,68295629396
oclavqjigvxbdwcd,1338206640935734,78212224197
muvcpdikmehwlytg,522807986345035,30807640813
icjeozuzjiyurfrg,2817696696695929,39716678533
qsykfxqnzucufpqg,8634230272229786,47015800744
urlwmpnmankmfkce,5746789358434020,63300593494
lgwolhczchcyrkmo,5725662199638268,63963424446
chlpjpsiddbseexm,7327821975551842,66613932730
vlbidazzrwsogbnv,8810575340697428,72318092125
iakfmzealnzweiak,5726378120750212,1198070639
ysjltncdmtggytjr,6323192926697512,45051845981
kfthahkisimmvsov,3219206487722203,94804791346
vsnftwvxjnifobqf,1302293744398591,9405499462
jiaxgnwzmsapgtyh,2860524639316372,55357397908
hosouwaowzecwrnr,9.89734319599945E+015,78585147118
upbovrcucctcoruz,9.95596131552652E+015,29434349492
njhnzxniszbhxmqo,8099226696280956,47667868538
baumnzotxmdpuwal,9.28767235639924E+015,38135707247
ppprlmvlbntdiyln,5093064256115954,29830090880
hohvylbzlcwfdali,7727021039199943,69385259975
wuvdtjuqjcmrofmq,2627443313657750,90209490430
pexjzfebwnxwaerj,3179669648144802,31928807245
asxmjgqqjqcyponr,3655712438477498,39855035560
rrnwimyqomobsqxs,7758136498673438,65052975751
hjxwxuzhkuavxmfv,4276907752803374,81932223067
aijtyntyklccxovg,5010019484191550,29230586527
yskusdfjmlmkqmhi,7492720226228399,12077088255
bagnfubuvmsanyav,9.83389028520524E+015,57480834505
euxhjckeyygwaqdg,5229602066511288,6343381561
rbcgjjqgggqlmvdt,5218167598677973,15601287944
trmvyvilxpktapyy,6035545801054563,19753379034
kpaoonqlkzrdfnkc,8400914743120681,48960366837
jbrsrtjhgxmvsgsb,559860158894985,65113820156
jpwqzonqaqkwitdk,3657264022025496,88686426781
wkpeypjcyntwybbe,9.41110946139533E+015,61866629613
jojuawupjatusgld,2146654489452918,31634240372
ndezlmdubeoquchj,4572894400994010,94354962258
sopowxxdjukzjfis,4635537316547602,9418736802
buudzedggbeknhqp,9.32832646528237E+015,74698891203
xkakukartlshmwah,8258374756207822,60493652090
mxuvavmmowsqbtzh,4224049519585168,396494179
lpvbonkasjaxegad,4194570092500544,76725765458
fhafiklmtgdchdtl,8771036572132058,16637561418
uesgcujusjiyqezz,8767222399901231,9626988481
xpajpkmnvukbpxjy,215366882433511,54402983853
kagkazbumlhipgqo,8191228320686070,1303170459
exywhhrnahzghpoq,1104586390069550,28377714724
gkbikrrwzhosdeup,5682141213962689,14816657035
msezrmuarofeyvwd,68973544658561,40406976201
sverlbibmgehdggy,6848105704079577,42896694843
sfgwswbedpihudrx,260012785802397,38998171943
ndezlmdubeoquchj,3826345381507551,3868837803
iakfmzealnzweiak,4064477607179905,66740711529
jvhvzoihgchsrxag,8072585701881399,25936038493
lhtobhzjsdmmphxb,2137408142890913,90137055703
luuxizazzaiuqhxl,8591338865535157,14845521503
wbfynwuciqjzbrmh,3088574745671727,79110740648
wnkwkeduthmplofu,8373244307467604,90621061308
agrdnlmqowrvkowx,1956238714903610,20775199993
ioevdftyyuqevats,9.15449495781017E+015,76517730223
tfcgocwwbnqjopaw,9.06284791861967E+015,89095638955
fqytisrjxjnwzqmb,5163665534556003,89798424569
kqtdnvznzxuwkxiy,2618565221858009,48956504376
ltqxuzfdlgoljlpo,2378455167661163,79313188654
uytesyzmgrndpwaf,8820931795775090,99290215811
fpjhgdyensnkjhmn,4323927975098533,29688891295
bwtuthtmqkeqavjb,9.17505318634133E+015,25189453141
xqgkfeozlrfiawxy,9.31662145290915E+015,10852429238
qlwozsujeswsfsxd,6880077191612992,97102738721
baumnzotxmdpuwal,9.77108514458685E+015,79189670045
jgoonjvtzmpsvnur,7421428383359152,66341003657
bxufhstvdwolbelr,8822251562646142,94951297534
pkbavctmojtyithk,3987307999233560,5249879044
kpxihvebzpgqyxqs,4791814448338744,34548654322
sibnonysvyrmdezu,9.34673265506481E+015,30420376784
anqwvgmgcapxjdia,5074203825081689,95558223913
jnisuvdvjdliiuvx,8644698065175809,17557291986
tkjauekvaramqvvz,1860214694822659,77714260858
mpglqrixqumywfia,8573815123671844,56283648643
zlzdkfsouofhqrmb,1651286671107295,38692848896
jlmbprkocmklzqqx,5479277389372139,35761126904
agrdnlmqowrvkowx,6002552347190828,47578795056
claiphtszfagqyfr,3088713376737033,9268496013
rheqawnmwxhljldh,1175569524621431,10430465897
vqujfclmgzhquekv,8174215449757983,30980047453
yrjceirrqyxiruqj,9.51399492554042E+015,30906555323
oklthfoasepuwxzw,2225107797485699,66366479970
owumdvjmgyyznpjd,1591837179702944,41102430424
qajluhpyrcqcxdac,7111998565510936,31205412600
pqgugdwnjsvcgryk,9.66042828245201E+015,25088841510
eurqigpklzgossfu,3865868579968498,95914125855
nrbvwdusehbborwi,6181754560133827,80108210938
rgdtcscnkhqucplw,9.7765570837E+015,74440135706
dgozadquwerpsjfj,6510853890761276,4611637605
nchtybrfkojdqngc,6799304603008947,41114350792
uytesyzmgrndpwaf,9.21754845915399E+015,56628583239
exywhhrnahzghpoq,2326859510854832,75696161961
feikouogpifarsxe,5774857942696942,85892341933
mdzoadojjnoitwzp,1882396510699440,89853060521
ddxffhjzflmscdef,8336068257896883,29592409288
fhafiklmtgdchdtl,7469489033239272,88525928308
yetiybjzjgundcac,4502788831629391,51992738905
jnisuvdvjdliiuvx,3142186264574409,49423816551
ppzghnrjnftapxvq,813531938858239,18726444839
ovfjvvmffpejeium,8715430145096584,25179413385
ebbarqgztjlxdhja,6134845825364443,43362952876
cfndbhsuhkvnfzox,5570767346538794,36018445230
kmwifcypnnhjfseh,5409900015518829,78212964410
ozudguqpengrdnxn,6687941247049392,43778334385
pldeyqqccmqrbehb,314787043916041,91353830903
evrdgaaoauviexvu,6082540406707565,24204187121
lbtrgmogrtcehxcc,157756506794872,2837555046
lhhteedodikqfmnx,3446104408047913,86632087828
lluyvzprflybwfvh,6667252407300444,47322776970
txgnnqmsgromgrai,179722908894468,68020195909
opqundpusrfmpeig,8309071335443870,61171475775
eorkjbyllgwaurmt,2538530348675284,37675131182
cdulgytizgcjrsev,6689628213751702,67098610487
nxnunwucnreefnwu,1079604362518754,47355221030
mpglqrixqumywfia,1071969589199506,46526846858
rgbvqeckfzufmukb,7146923107376901,48874297211
bookfsnfwsgczjsy,7024421210905298,85036401183
cdgrvysdmeduicfz,406161032287554,61877304499
iymqbouqzfvviacd,6296136403128010,89741533440
zdepuycndhjynkpw,7167266196061638,11039512824
jizbftslazsnwfql,4756195995342911,29220483769
balblxnjsijyhpzk,6697000145903056,50787324231
tzpwbhavdbezrjpc,508357597324091,80285936933
nxvpkmnbespdhyos,9.97144655720855E+015,1695101504
mxrdasbamhlnizcv,1853575422194150,56641115071
ienndgvpfgttsunn,5397100613526237,99931376248
gcznzduegpayhrjm,9.80437899090742E+015,43547172905
hgzpdmhfiqchwpgp,2521597421461427,85828069611
jgmqcfbvbjrnuzjf,6141744036377865,37989031078
slqvtknrxzigryys,9004736527308545,99291302514
pfsywamoapmikazj,7019074838728309,74877372001
nutknotwcbeihdfq,4709974428593839,98539638174
jtbvbmwlblvnhghk,3884715987697676,92415210997
bgsknhryijdevxgn,6751109836984044,37700443838
gjjfequomahazhlf,2574753274555869,69246781274
kcexphmbvcgtnsvl,5657189631107071,93510317572
wenfmslodwpmhpiv,6165649781220084,96181519273
tpgxoooaepvhbucj,4755478928835381,43137062732
lqhqjzdslkknxepq,3078289199413493,6402949885
rylayeiundwhrieq,808424118637009,59592730105
qjgpyqynydqjlble,7369308169776830,98083348471
cqrfbhjqvnunzskq,2404991841784004,95863330481
qfvsldebvqquvjij,8943324575507666,74704921369
sibnonysvyrmdezu,4541582214672263,73061773746
fhaldzdipwrokbvh,8373244307467604,37269948348
qnypxxhpvgscwlkr,6886287846981167,61670244148
khkhvxwfrxlgcugt,9.28114345852681E+015,76176008429
sfvehkwylinjmjok,2583577874220322,94520351099
vjumwealpotqvymp,2150802128070722,28196551540
ubtxoalstqxiftdq,166301845495840,34427863113
goldrhluqwcgzcjr,5361970386462264,72123666351
neumvbryviteinjc,8841954601356886,18107879567
xmsnjcjlhxiixgjl,2476578804727553,71088607431
clytqyunjbzeustx,7673468086108771,49145493358
diuzzrkfhrwrihyn,1084036742585159,55947734704
vgdfoladqpngpbsl,3724357333502826,22194685148
tnsnzibkqxowgjmi,1807045893132219,22981399747
bookfsnfwsgczjsy,5799362351461747,53635828028
vaqinuiyuuvfgkbl,1073750287011460,37039570165
wcxjrqlgvfarzurg,6739947888317760,2171612582
iymqbouqzfvviacd,7104393444659547,45769306065
ljkbhdvgyfdjgwrg,1069442971210843,11498550555
ysjltncdmtggytjr,7641314397337490,13981094675
xrlymwaszdljxdqo,4795919748983270,66162226794
mfgpuaiiyrbpjpsd,4624567529806095,13350947897
hxmkixfemtmwebwg,5176238414444100,64866280156
kmiuqliiceophojg,4984699405409398,73446530708
kizkfhryzdzmqfuf,4692114298514569,65161893854
yhaqkfqdcvesqguu,8648959179096943,45412424597
apzoqvtweokudfee,9.98462470739259E+015,32489894309
nbltbpukprqzquaw,3755533541944149,8671361891
uzmlzziiisxsaqjw,4408872400889816,43255270090
pywyadfkjvvuojlf,7018742056115990,90613642117
kuqeknaydymlxpfa,3548070456773051,68361937876
yskusdfjmlmkqmhi,955672200809413,91034891020
uqhkwtljdhnfsycu,3097361378671379,41740114508
qsuhrbsbtjrymqan,2394957713630861,53649019901
hvxlnmlcvtltzctj,9.28114345852681E+015,81697984492
tjsssifzgcuszamx,9.5949741713655E+015,50388724996
rlnzuamlgkjetxyx,3435336496838870,54192483649
jjnibjmxykwnlbts,7231743469806008,42029973399
ryzqmrngigcnbrsh,1172878748512183,69050824143
wmsjooacieouwerp,3343259849024407,85316505676
aztpmbysxbzxjdhh,5726378120750212,21665155445
jrpucyxbputcjapb,5499931557953100,34849001285
iqtvadjitcrupcvu,9.44476738941063E+015,13182178299
xjqipqfqothizsaa,9.99069368489494E+015,7746201859
txucjpsimebuhdxm,8336068257896883,12144602915
nwdzdpohdsxjxupt,6599961341884256,37260114686
vkguhkftygkxoutl,5961817528740687,90296086369
xmnymgftaeawhcaj,226158679703940,29963865248
ryqpbahnqgvtlzgs,9.77545017171019E+015,26297990192
tsvwkbcslbkgwcwc,2413702102530964,35357924593
xytrgtqdilrzmmql,9.73925937235727E+015,70596563439
dqygmiwrfatjekvd,2863915002752989,67936760635
ibcffnjjkbqiaxhp,5407234963603078,74059791585
yhaqkfqdcvesqguu,7250616178937989,10383375143
tomoxztbgdwbhlev,1225191427407457,36209312122
dzdyksipkrdfnpzr,6139304688969494,91797395118
sjfpqythngefixot,7206969071114984,28907843002
xmnymgftaeawhcaj,5448725816664030,33723182822
iprqmxlmytgnkoey,753230773593759,38912646824
vwscouxzwbbdlxay,8545421357545233,59042710513
wlxiosndqkdbqlmx,3184691779817673,98276681506
trhozgvtdighevuy,8486107391794961,41498930561
rnkkebbtfvtwpjbo,9.9898646661053E+015,54208671959
wckfqmznvyxrjqns,1479802561388207,78341341489
tqpttafshqkexllh,6780776432775055,97674151642
qqftolcysfmdqcng,2400618747146535,9620258581
xzkwteyvyudimkjm,4524916579513360,90937759370
qemgjjthkkwmrvtx,918666214903094,27269120235
pkyqvnabymigyakm,926452182656887,55810510577
xoouoqnfzbmvmfmf,8368039960505681,55180503010
dfsomdjqevdenlrx,6139625056509320,83709185515
zzeupxojsuhjjbpt,7702134800754269,70824168268
udlwntnqcovchkwc,5822565014350689,23132421344
kuqeknaydymlxpfa,7746636445173078,68312143419
petznukqujykenmm,1185336337647247,78039012061
amizaewpjuhwaatx,1374373525421163,62944711706
tawbmkqrfbadyzdu,7181572912065422,34252962957
ohxaaewrqbcggvdo,4390003860434779,32313439366
cvqrijuwqppigihk,1077439888372809,30303569997
mbheskwigfeqkigl,9.98666032749577E+015,51957757570
qxstinftycjtmkhp,3295052377394353,27853515660
aijtyntyklccxovg,4249886100945079,49853652137
vpebyxzwfekltqqs,9.26044597367416E+015,56162034840
cfndbhsuhkvnfzox,8309071335443870,39065246851
baszdncgzrgjypnd,7751330649549740,63592742113
fyyghzyoztalrukq,4455766656726053,23039546252
cgaswyvjbnmdecgw,2771820161428701,41715028843
rxnifwphnsmccmyn,395143806529886,47640526085
impebijwwlzarumt,7931867104641433,11836812366
gjdoqqlcaiknmvee,1215788852459558,32870116321
ccmxvjazydyereqr,9.20706060628113E+015,18998666707
pwaebkjcvnyxliiv,4201050613867723,97856245034
fpjxcvjmxwvcuoyz,3475764349590601,88552339451
yzzarshptzxwvebx,1470522684829710,81139395359
raejilnokprxkynw,4403784767065542,35500462318
mxzyqduwdepowisy,9.34672813959863E+015,89948168391
jpdoeipgxtxodptp,9.87216208135966E+015,85702384449
jiidtudmxkrudxdi,8316448973851065,96119772902
dkameuaaiglinwrb,2539061622888058,42774273334
htiuqlscixmobexd,4275253873141310,20392321805
qdfebsazlsswenvh,9.98462470739259E+015,96043270874
optaxudvacvxpwnd,2254036484291058,71481077965
pilovurvijphnyyc,5127246585811905,4774001672
mfstcvqhpysraina,5435123115187378,35967573576
htcmpczavlzeyjkh,2146654489452918,11778242210
aruyivixpvrktmmw,9.26178451397606E+015,38243079956
qylgxqhhzszcvylp,3673435452570196,87145893518
tpwyfhyirlnzmsod,7094430726489681,97660192403
eviscbekqbyqilwt,7663919220235663,89435694489
djdkxdunzgwpmgtt,1034463881289414,17663334371
anxiglhflvkngwky,6250266276553606,88115571513
ylhakdamouxbddrf,3337629553033689,5768924829
nhbqjgpnbwkyovoi,4376962095622615,66375783593
eiwfnpmfqxwonmrx,8820931795775090,2981057150
mwrmpvhmdnvpitjq,5244733120645771,41534390244
mnjzhwurduimhvey,1729269519175753,767527028
lpvbonkasjaxegad,7981422382776685,94057197637
upbovrcucctcoruz,4680947446913398,51852230727
nwbvljmfcdzduiox,8906030069676202,19832249182
pdrdxkvtqctxqoph,458957871961829,64435596342
zgblfztgeaywoxoh,4360068904333868,71258418033
rtejsbywepqzknao,5909986812027687,30311175442
vjhqnrzmrucxijka,7379109309563596,19912466013
iavjtinhpskwgwsg,6005050752517283,35139693048
okxxbjrzwwmiqdda,1459519002756663,22373514092
fwdwlgbahhdciwsi,181628212512818,61793594109
tfdhzcbikyvmlvzq,8240431789717010,37274634506
ovfjvvmffpejeium,8416391941712686,38786972623
ejainvrfgqudslhn,8640892508482114,97262420595
qzwfdiugnzpgtryf,1944558482116540,11528982465
vbyicsdabmamolbx,7968080715565998,3215636164
pfgewwlbgvnugfyf,3604490678590258,173338482
nwdzdpohdsxjxupt,9.3608926263123E+015,22602466550
azmeslwrtblygogx,1464981036227554,58023713326
nhgulmeqpqspceix,4291628809629824,43179987416
mfipejejszzyiowh,2072279626696519,6632363810
fgnsthmfgkhwkqkb,3957169316242526,54501263682
tjgizxkzlqjooofx,3289133427848987,16608634341
aavdgmqndxhbwffa,869194916326132,79295394213
wwjwexxauttdfjoi,2255411669348298,73895527446
nabjzgeavdhgwuta,4519148996322909,57388708220
mkkdbulqalaldiai,8368722455688983,75958153611
uheptdwiqslbxjvb,9.70073234757814E+015,95180643632
ewoxecgsixzjeava,6462635741963918,38909188912
fjckvuueqtcfsuip,7784423585296861,10631035875
fxocaxnqioplzzkt,6006214602121868,14078488362
ltqxuzfdlgoljlpo,5504521253261965,63308998132
anqbeppezuutvoxp,2307467637092848,21477766222
gfgkexilywdaklra,1175826609786211,91559136731
xtglffllzylidope,6727445938434379,8042001306
yvbfqxrzavrnjmkr,6135072589051330,55203369110
rohgvrvvyebhizgd,9.0421062543058E+015,41830468873
fltfzqwybjbmqluh,8170652017059789,41304147625
focmutgudrjwvosg,1913108865430062,90121471603
iyvwmkpknnhcxcbi,3245884854897835,95155454109
qshbxwcwodgqftia,5217953596855399,48510334977
pncrtrcdappnpzuw,4702451487900804,84924635731
wgmrujzklehhsfsj,858006682124939,9238279928
xndsghcimgwzcary,1772064773231661,36892871038
rtxrjewmstbhbqjz,4608581518796491,9859357513
yuvmsxhvvrsgpofl,554987320323061,97105815286
puumactlmwldsegf,7798756055965131,60121562034
upbovrcucctcoruz,3059328788401363,13817945201
npuyavojleffbcwg,4632143009870971,26321835126
hpmhqylpfgjcbehu,3272466994988167,59401299829
ykqhxqarskzahulh,8548179456538165,44757634786
ykbskfklkuivsuhy,522807986345035,20600996685
kymuwyljjxqbkesn,1397898484179856,46516918011
nnszpnqqqniqwova,8576189396265058,33734063655
wuyeiynhxahddwqa,2674580353587674,34326789990
pfsywamoapmikazj,1006134801002195,19149365504
fhafiklmtgdchdtl,8506920626539463,21440932304
njhnzxniszbhxmqo,8014586123180664,77686082361
optaxudvacvxpwnd,8774502931806728,14501361576
oxyztszsijgglmej,4805296166437345,50882511944
bfngxeefezxrqahn,6283786816488399,8800178387
gubvoycxtkvpabqr,4811850303119055,66705511628
hiwayvnokqyfqeub,5712083081622214,20398435227
eoiqlenadgroulxv,1342274616503853,20052165976
cvjskrieidpetrli,1956238714903610,7381210571
hnnfqggwjhyhbgwb,1426202975860928,81345113956
zlhnqqbxwzgtqhnr,7480949582872928,85686095533
pggyebfmbzxmqcrg,2079538216425581,50875765812
wysglentpkmxmuqn,6196231618178941,14533276973
iafluqdaxgloakmn,5198397594841179,53729333864
bncmfrohydfbkhgl,3926793651505277,58135766383
clytqyunjbzeustx,858757437298016,70167215811
afvlzedgybxpjrod,2057946402854007,39135264416
litvhfdlxnizxkcs,1863888324698686,33472951401
xmqumehpxmczvqqa,1044036692544563,99823290506
kmiuqliiceophojg,5223395485722127,41008288592
iyildtvolagatsnq,9.22175377086328E+015,38291253339
chdmujmcavfggcyn,2234778961923975,14820033150
ajweifaduigltlur,2411150809376512,57978108012
kabrcfnjiwjbkcfd,9.33166031944711E+015,67167710128
anduvrqmbhxwcvhp,9.30112497941758E+015,97627011482
zrsjoyimdzekgqry,9.73781200529397E+015,47349639985
rawziawjcxbktawj,388548365880051,43956631020
fsetzsyygdcfufrq,848638874620983,19021961340
sutqgiuwpkbuohqd,6687941247049392,50016526113
idqrlbptbxktgtik,7120396701738332,26468013989
ctapjxoasrshcybi,1053375777169141,58507972544
wtkxrmragkihtxbb,791449191567102,52643316380
fzpqydktqnmsrlqt,1924037186693856,89944056419
gkocdrzwluinucwm,1292882058323152,39156452748
vsyjmogkifnboeap,2478052798314062,87628449888
kpaoonqlkzrdfnkc,1534987433276645,11305685136
jcfbpwcxnwwbawaf,5748873748512125,7330730218
wfjgzsxjjsalirgx,8725065970901346,4293270593
gpxxpwwcelkgzjgj,506214381366228,85894394336
owrrqkjnctrfinni,5650875324941924,32230560808
iakfmzealnzweiak,955672200809413,51593057849
jiaxgnwzmsapgtyh,3333925334760145,52843996112
bmqtuxzfgotvsoan,3195958318296822,48819818555
rxcoktnemcegtjdo,5409900015518829,74781388229
ufzjcrsaduzbyfcy,1856741053049837,29996427846
tzlwzhnwqxskkddw,9.50984733695233E+015,28109390219
jljidkywwirfhowk,9.98666032749577E+015,74688470945
ihvkafbqgvobhgyf,487530031630345,24907602249
iafluqdaxgloakmn,3532004268495583,27997314758
bujrhjfdzrcylmnz,5027709588552329,54784282877
derhyehatujxzxez,7178789782423879,90115034077
rocqiznshkltsuzd,7192132202164857,4995199030
vbnrodmwrjpdthyk,4508239574489790,49928547697
zagthvmytughjjel,167528618868290,11332942268
avlfptflcvxdibbo,7364576243464890,24143227645
oqesvcztfjgenrae,7604592295203460,22978971037
etpagpyvtondjbem,7544159818548003,16053150427
gfxewlxkyudjyrav,3269130485898633,8226815130
pfsywamoapmikazj,8289836753139649,21401062385
kqggaenoxpdhvmnk,3184691779817673,90211510653
blelrrrlgijwhtvf,2348582179575173,40658289949
hdregytzxgneothk,1209544825870417,76596896146
wenfmslodwpmhpiv,6262657646921348,62473462260
gugezgahbcackyuu,5414856151183916,47949772797
ffmtrzzdxeldqsgc,3250528292680909,35317484845
zggcznphqpnttytn,8711905722750277,21730541174
drqvszxivesoehmj,8943324575507666,54837038945
fxvvsszfjodibytr,226563675927019,10048568006
nrkynmimntegemth,5345687429015914,69587931033
eoxwyxmabxpjhlrm,7834858407606454,72629027098
jrpucyxbputcjapb,2442545448030593,28808919390
jokpnyyqovggeefu,9.1149250489956E+015,14982673496
iohvhgddgbjmefmb,2965040503389861,57881372341
mhpvguagovucinki,7989699055646439,5041885862
djtfcyadamqpydbf,8203204088114105,49141955585
rtxrjewmstbhbqjz,960290876076335,18636338221
ezurttiipqmljjzv,8234228924041100,60122497397
eoxwyxmabxpjhlrm,1410203520652628,78894800729
pnlbdaqspvapwkzb,6076252299608096,85561527931
romokvugomsixvfa,7814936531029168,7080819024
vmupjnrwopcafjfz,1258938171970928,89114348419
scfjqoqzmvkobnpr,826142201788337,19507592581
clozweecyhwrvgyz,7335741241878418,62496155163
yxbuzmnijbzhekgj,5010019484191550,23545641270
lbligphmnjmfsxhs,963777352269336,52951383441
lquvcaqkdsvhcjdr,5594879718305366,95896377586
kizkfhryzdzmqfuf,7789551527050471,18652261394
vipmbrznjsfupfid,7999650791147303,17142097348
suxnjtpukbuwndbp,6298611609758055,4216746607
prmxwqjoavwhtwbd,5774037310055534,52785698305
gsyttgebqyqmhtfq,5470661047416326,41371395984
lhgqvpbhwzhsnuho,6810981706568777,37098239129
snhemzqxoythdobj,7170325142959915,8028785612
vorratpbaotghadh,9.74072624164924E+015,90307971645
fpjxcvjmxwvcuoyz,1425620158436735,83283738084
iqtvadjitcrupcvu,4282677322644654,73571884110
xkrpxkobcwlbigzq,4502515051090060,84103731156
tsdsjmepluolconn,6492530739088874,35886588173
tfcgocwwbnqjopaw,4313946074788087,46295145613
nrbezhuxhublibxs,3129435216044502,39874953056
rheqawnmwxhljldh,5225810428797874,96890351253
azzskyklwjtgqsgq,1211941221167416,99338955651
tsvwkbcslbkgwcwc,2360458676822687,74794054793
hbnjyeyhkxyweinh,937892586620296,18389484017
jvhvzoihgchsrxag,6587056477741273,28995216112
rwjmzravmckhswui,4326008227663071,98224077855
zjnrexnfgjrqhhdz,2529097829336789,1277162427
fyfuoftqcxsbsrlu,2449174930441421,35437299075
vigckdbuvnctamim,9.83140351600841E+015,81642771239
vcgnjihohjjzsbgg,9.35555987439971E+015,12350945257
iivtclbhmbtlvlag,5209110704401012,65784700206
hesbvjlfswnxagre,4743812170362398,19983381042
soggktgheyflpisc,6973378330171610,62556068111
dgfdxvrbqydzxwll,1142267623590446,25259651
zmdcydjwhodovcfv,5058986994260840,60648817783
wfyhzpygcpicgbxk,4794309124664893,38925307090
dvhrsaqfxgcfuded,3334538635948255,41143872796
bkpxnuapldiumghp,1922765377004914,33317054074
pfgybcbvpdncsljw,8915284811718728,55099982850
msezrmuarofeyvwd,1717132153938923,74124588241
rohgvrvvyebhizgd,8203204088114105,75544658674
aurrntjbabfmsqeb,7052854967846741,68512873036
shxmlvibvzqyzvsi,2323810061527265,60493401809
ucvmyhmqzctuvuqm,382117331134995,674648947
iyuybmwthfopncjm,9.68057785079924E+015,85485647372
sbgtcjcfhzwjnfwc,8396293645775559,49815440521
lajxlkgfzdedejtr,5696787834365363,10819875177
nurwwfedkgyadtxq,1797013525329967,13257363172
oqidjtrvmtojobap,6712861929168885,31456991274
pennwbkfrgsnfyuj,104978910673799,34538424026
rdreawcdmrqfezaw,4547709450744402,15117682673
qqmhcwkqvphqqfaj,4782914122545862,29090262319
feuvdmzhpztxwwnw,2515977705984868,90584352141
pabvmmutppkdawrl,4761739179330607,36068855048
kmcgkegcsxuexpse,544955524423241,42306137482
kmjertlmxhtmdnix,471103640904683,48223021523
feikouogpifarsxe,892390499379027,52043528396
igkijowrrbzdsuas,6006214602121868,27149308883
wcxjrqlgvfarzurg,9.67140554154339E+015,69229115223
jojuawupjatusgld,5387958833711415,33067789366
nbqwirsdsdseenld,5755592205130798,69806628519
qhjpimfmfwyvbqpi,4297196978218946,57098325636
aegpktogymymjwvp,1383736960789794,24942082794
ijysnonfhxzxwiyd,1211941221167416,71570438015
iqtvadjitcrupcvu,3589249809017434,36049671020
rdreawcdmrqfezaw,7938272950895747,7293555505
qylxyabpzauqgcvo,9.9898646661053E+015,66604155439
uljurqnyzdyeaunq,6525283813058761,20413781756
deieppcbnoylguyu,7536074360689049,79757176181
iivtclbhmbtlvlag,523622316365742,87699131999
pfgewwlbgvnugfyf,2860303525611506,99953780494
yvbfqxrzavrnjmkr,8396293645775559,17785606045
nvdaijdktqvhualn,8437046406016029,85877919028
icdrrzwhvzafxzfr,6669333267394057,56504401344
ccmxvjazydyereqr,7779701972412168,98254746225
cqhkmarxfofrvgxu,218269337898244,1014405520
eepavdcspkdqyjud,4689721760432525,67641376445
sqvtxpcpqdkjddta,872913436853696,63881095240
kagkazbumlhipgqo,1214590982392890,59647091865
sechcvxfggjlforg,8921783623673984,89479258809
iqnzssagfofqreum,6460141729672636,76348842286
kqtdnvznzxuwkxiy,9.34796140968861E+015,16758390116
lhbynfcyewudgzea,4176313234995329,2403340114
azzskyklwjtgqsgq,2010808272903674,97328794588
gfxewlxkyudjyrav,4751113226211253,34837716217
bncmfrohydfbkhgl,7376584273274104,59492359765
cshsuaatxplupetx,2539061622888058,22123146508
gcznzduegpayhrjm,516680267678320,35892110275
naisdhixvtgmozbn,4477428687750621,59892045106
yqtfbeangwhiehtk,3866039103735854,80311747964
owumdvjmgyyznpjd,9.87604854653747E+015,65447828587
oncsmlxraiirwyid,4275253873141310,86404880620
citktigfljcjcmpz,5902106887531715,29734801007
nnyahqltjcmzyaog,3861073526658597,54837469092
lmeksdpypnzmcxiv,7931867104641433,13529129386
vsyjmogkifnboeap,5377174438077242,1012972685
tjgizxkzlqjooofx,9.15994159880814E+015,64473936817
pdrdxkvtqctxqoph,9.12837763336912E+015,97327350312
fltfzqwybjbmqluh,9.85476836090145E+015,45227088246
xdvxfitxlwnjhlgx,3940302657630659,32452049387
spzmqlnwdclkhasj,8172096133072463,72785492630
ryqpbahnqgvtlzgs,1388493087922443,21920849673
zjycxrzpusjqvvaf,3972017170419021,94994626389
ovvrkwydttvxvkri,4883019173161469,26953710284
eorkjbyllgwaurmt,4916251046470387,10460923174
ltrutqesufizpkio,7181465370264683,40406293914
dhcxsjfrymczdbvj,3195958318296822,96037092289
xqoqqymnsuuekspa,1483489409731953,87027172218
hcsiulebhctbvsyj,2195695544280252,30972293518
wsvydfsuurgkeeck,7273889341542451,85529917791
zjnrexnfgjrqhhdz,6522854343646578,21031414499
cszdllovbunmduno,5924529317506126,41765632990
lohzaqcwqrupwzgj,6706187953331680,30689910997
hhbmcfuhgkpmysmg,3373892424555882,19819356773
lhgqvpbhwzhsnuho,8661615569712683,75025307106
ljeunfglkxabniff,8852053942998646,16936259501
mdozuflhetgbkaqm,650847929887961,58855394496
zcmpletrdcmdogds,4141293647810228,27169760086
oaurskuyiqorghyo,5108294697368427,87636381329
ufwvbpyhjneidzox,3190020896422066,3178700712
ihuxbsystztiozkn,1757275069899017,814167807
xaowqbpbwjrevwif,1290008790458618,72571550795
iutdbejrxrgbfhok,3440612536913810,39282530538
uzmlzziiisxsaqjw,8248476480471384,95525685607
pququyazoluxbvad,8907075427702179,11821239225
gugezgahbcackyuu,7496288946906975,71394285163
htiuqlscixmobexd,5380883813370353,31952099577
wjehhlplfqsicfee,6381568145145517,46878735786
apggibidzkzgwkpc,6719373741783550,27738836814
ufzjcrsaduzbyfcy,2631469478485540,43071085689
efkafokgxevijbaw,8308829147361844,66862635751
hmnnrglhbewrhffo,916133795241523,73599774020
yjszhqxphnljcftn,6970681607641928,90510439330
ugniahtjmgufjbxh,654042453019438,99721647123
uahwajhrvnrmkbez,1385563277548995,83371656321
tnuqclqiybtamevi,5353298226223018,46139779173
edqxusdsgytwmkdz,4092032172112652,34664099714
jufrggjbykypmtvk,8284211903253963,94016358943
hjlyjevinybiyuya,1886331942471946,47979945804
alskxcdarpbqzkqp,545005875137735,75246864978
yjszhqxphnljcftn,8237663189978460,85766895941
ppprlmvlbntdiyln,94553951673247,85967925869
iqtvadjitcrupcvu,9.4936418602047E+015,28811911624
htiuqlscixmobexd,8010222113120198,8716865322
rttcmjbzgaoalyeb,904709320747120,92113090695
lzlpyjusmwvhikkh,1008908697565067,8992927252
dzdyksipkrdfnpzr,7546181452130392,77380366435
mytrjuxijvligpbk,8550339577106864,32561112447
rnkkebbtfvtwpjbo,9.93103977518688E+015,76982676606
uzmlzziiisxsaqjw,7380072281520846,96785345893
koqhrnxaptxlnheh,4900205769769872,31994443583
ylhakdamouxbddrf,1201591512738189,45141547338
pxnjzthmtuvkmqym,2908780321743786,61222443720
sbgtcjcfhzwjnfwc,2468873543063544,63050586575
jiivhabunhrccbpp,8693300971468838,66464196943
qqftolcysfmdqcng,1729269519175753,18282916040
vcgnjihohjjzsbgg,1426463408277305,20177601289
gkbikrrwzhosdeup,7439682988031112,72598210423
lygvapessrivkvky,1209544825870417,56644116519
xdwpazpdthztmnra,4201050613867723,77234696840
apggibidzkzgwkpc,2979483916714071,74489011507
rvdzdmhezyghgfnc,2529097829336789,2032759434
nbltbpukprqzquaw,7670208276204307,89710202628
lwblpthurkzbgnzb,2449174930441421,68577543276
igkijowrrbzdsuas,2327465376619584,83240883341
yblgyrhwssbnfwgz,800430495838272,2762148335
jjnibjmxykwnlbts,1947259994064463,62795304052
rvdzdmhezyghgfnc,5819166606117324,35769989278
lbotwxemyrkbuhpw,9.26044597367416E+015,47704643622
kzdsduvuntvlzang,6538641797704057,98307189063
htiuqlscixmobexd,5071388836723787,59736662628
pzmtesnpezjobspr,8378810324725849,65334465540
skoezfdtuedejktk,8664568728394397,99283075144
hiwayvnokqyfqeub,3097361378671379,32530088480
mxwyqipuygfdhgpw,6792515604689708,40966872968
hnnfqggwjhyhbgwb,8011382587740696,67069275386
sutqgiuwpkbuohqd,3864616944420653,45061347826
jlqitdytrtijamfw,4092032172112652,92371996432
ogvihxzyahspooda,2020571032557456,17279136708
tdtzhyvlbwrgcpeb,4503598158053634,75214665979
vkguhkftygkxoutl,985101969055334,19079565558
apggibidzkzgwkpc,9.25578141372706E+015,37520157281
yrgnijvwiivgeoel,9.53103466515544E+015,5712466988
xvakhrpbvkmndapo,5375605872974255,97353429266
htshagiejpmadohb,2055246292988152,77084202808
zpsyuafrigfkkdms,5061915457660191,55375053980
yblgyrhwssbnfwgz,3528606628305730,12209957292
kcexphmbvcgtnsvl,9.91360304938606E+015,78415083185
vgdfoladqpngpbsl,9.83140351600841E+015,49234865075
umspfyjazpnloacr,4455766656726053,6072490150
rbcgjjqgggqlmvdt,4053221948743861,12393548456
rlecimquqxainebt,7830623501042743,72491911357
wnkwkeduthmplofu,9.97300728275732E+015,94708936451
qykmgeuchkxvthov,6163140321181844,153723367
vyhxqnjwdxzcchqy,9.63334924428506E+015,47765975736
gwfilhnamwkbjurw,9.88016221298615E+015,31786775989
ddxffhjzflmscdef,5672894334993416,87804751378
eorkjbyllgwaurmt,9.53982887996688E+015,46851522554
rmnrbanwebbmqajk,3870139200032239,1895569100
fqytisrjxjnwzqmb,2915512259668363,20897971722
ovvrkwydttvxvkri,3765960518004497,38957216096
dlzvhcsvwyapjhuo,3813433439217583,47545982340
vakurckubxzzrrgc,109272919581168,4435683581
sigtrybfqwwqotfr,5406924777051037,88208643639
sveznnzavaagpzko,4872597259293502,80209649106
txivpspcposiicoq,7021656255782629,35377435155
qemgjjthkkwmrvtx,7379109309563596,30233701112
vrlyxkflgoyvahri,2583577874220322,93513374787
hvxlnmlcvtltzctj,6135453598894742,40856846822
tikolximuseryujz,6729795517354041,53896761306
idwtkgxxdthntepa,7047200315004475,12343452833
wmcjjctoyvbnkwxe,3096243781629060,78314611691
orxfmtfsornuaogi,8505098533583369,2385707207
pltgtyirmlqpmfif,4200959135381826,76718861408
zocvrsorurkmslmi,1802404328662664,34915934766
ykqhxqarskzahulh,8667663287524097,40471934768
wbpwhhhnopoocnlf,3060278121667864,52373581217
vtelevcimnjqaufs,702924355940610,23477051808
duhhajhchyuxuurc,1526651170964987,92562283114
hmnnrglhbewrhffo,7968679702508646,54925174430
hiwayvnokqyfqeub,3738113368023962,75733394050
fnzcoucrxmkoacuq,2145773088427365,78200085283
giieihspvgfiwqut,174275542067797,59480341673
fqicwenvhxncqomh,562702020100989,13258668737
eymhmquybmeiwkqe,9.87103078479745E+015,78320766066
btmrzljfphrtmgpn,8126971139218525,90381601049
ykqhxqarskzahulh,2717667992203815,89438554992
qowxrvduobypqgpt,563734115193725,71088416384
kaimdkphntsauhrt,4564473540097576,68957669750
skselpwbrgvutejm,1008908697565067,89970391006
avxfotejaqdmphrp,7125380797134035,7564395075
lajxlkgfzdedejtr,167528618868290,53081781645
giieihspvgfiwqut,7311311130899274,27521678228
zqxsepargsxstubt,1153052195527792,8309990527
wotakfemblbjlkvm,4273258473185296,87525878988
dpgfqcluezwkqxga,2654708721005799,54437545299
vlcwrreijgfbzeax,7496712002034031,56521576981
ixbxyvirxqokvtdf,3420551397449878,75536520995
hqvpzbjqbnxvouwn,5397100613526237,73253285573
etpnnelaccnzhiqu,2561371181110602,66284618868
ddxffhjzflmscdef,3167179849098184,36742684744
kapcnwgaygwusocg,6298611609758055,65250363474
wqbkeawhbmfnkvng,5941484417549849,79953652555
prxhibpbrzponafo,4993053817971462,91415807549
eoiqlenadgroulxv,1296924990315212,44322447314
qjgpyqynydqjlble,3475156856153118,42260257865
ahkzilvlyeyjutuo,7503321906545017,16340743949
ujbmmnknlcylosly,3458865467814326,37110392550
scrffqaecalcsefm,9.05084228885502E+015,19115409439
anqwvgmgcapxjdia,8841954601356886,60944680345
cqrfbhjqvnunzskq,222818164225560,63826411940
gubvoycxtkvpabqr,944764991659556,87401688685
dagvdzqkepmuusbu,1901571340746201,31967343251
romokvugomsixvfa,4834428277175906,4915741263
qpwovomfubvxvynu,990132298871082,88276383837
eszqbcamoqbtgyjs,8873715462151091,4474760400
rrnwimyqomobsqxs,8185014968865720,67718704249
vrouufdegsdqiufl,2548257827718905,11039236040
dsnzsfjrbqxjoloh,9.82962818598636E+015,61374550682
nrbvwdusehbborwi,2564547067145544,75265954350
oawhdbrnwwapclfu,3062460372236734,39129373391
tyyjjnkttdkvepns,5267324156268606,46164111697
outgumelanjdycih,6017640565064792,75541007280
jdkdmqhwlygxudcq,6507238299365967,69340892472
plndjdaazishacjy,7503321906545017,67271191172
ejainvrfgqudslhn,7252546625734865,46093094478
pennwbkfrgsnfyuj,5284700330839818,71879225262
uvyldewuaoeibmli,2071551916474640,6362136408
tzpwbhavdbezrjpc,9.32624665875226E+015,99731085068
xomkzvggncbmqwfw,1012722294152691,34230608569
utvqjoosjddhlyxt,2641244155710291,68918128054
uinmitbozcsdjsch,4966121002561683,45793001635
tkjauekvaramqvvz,6280489572716950,88559549061
kagkazbumlhipgqo,2279777699097745,72214979653
jpplfhhdxpdynzfp,1407277818444344,79451334676
eaceafrcodmqinxn,5347574189881669,32069428535
buyhtwtvckmonwop,2539061622888058,48178056723
bxhirtspryuwyeui,7211251586041262,69270919964
vcgkjilzxsohgsnf,4541849706721903,99577717321
busfwjfxqketroyv,8712644082087168,82847893427
ihvkafbqgvobhgyf,7453440506606714,85344752955
lzqfikafexhtioes,8931041825491619,68613313157
xvqccfmvejzolffp,3002684835295550,68612419748
skbzrrvbqgqwzkit,9.9219790813812E+015,96363307527
hlgwoyvjjrcapofc,469516850764325,1814485732
juauztuxqfzgjmpb,6196031701494620,62989522389
ufzjcrsaduzbyfcy,610517845574249,33750473934
eaceafrcodmqinxn,5015009614450582,17827972178
nrkynmimntegemth,506214381366228,31961682017
velcmhngkmzljohi,7089313124926169,24665663758
vwscouxzwbbdlxay,8002870504548664,4919290480
ysijkqejjicafciw,2527641902520137,3540163653
xqgkfeozlrfiawxy,544801408664780,4346150475
zggcznphqpnttytn,9.60141922547842E+015,44221445527
ujoprrhvyjqvplqy,2035174920067754,9397854700
gcznzduegpayhrjm,8975858722450653,15281260640
gwfilhnamwkbjurw,5594879718305366,79398188811
tsdsjmepluolconn,1112565419537073,21182049975
ozudguqpengrdnxn,4508806729566178,76774062869
baumnzotxmdpuwal,8429395677627450,32021875218
cyzobifnpmzvmisj,343110514887447,32135000215
bzlfuugaargcsday,1004693472402672,82976988990
qndsaqkfcqxvqmud,2400662307387163,91073253953
lqhqjzdslkknxepq,1976641990897324,1958757864
mbfhojlygvuxesqh,5869692124512627,23468187197
ktdldylbdaxqdfnp,309167308980229,97072510416
lzpfiztxpkmwaufk,2042019161195128,62772379175
ozznwbpdwajpvjxc,1696515701512738,77740441670
xcpmtxychbiwphsi,1027754371571705,77688120918
mdhkmbhafevzzcov,949205982029884,94458704319
ukzrdphkpedplipl,2989271738023197,55841455055
kyynrxajyyxxhklr,6371549215914745,16780538681
xzguugdoezaewrjc,9.87155760943208E+015,81728681060
zagthvmytughjjel,5262577428890918,65939378794
ewoxecgsixzjeava,8250149314103983,99556368092
ggwbrscmleuzdwdc,6419612629594212,63193042614
iymqbouqzfvviacd,8371979076136828,92332749320
suxnjtpukbuwndbp,3493507864445126,84665937118
ioeuociamwynzkfp,4841904423747119,87363649736
clozweecyhwrvgyz,5880152244099396,26259322729
neumvbryviteinjc,662952479352239,76257625896
xehdljxutkissluz,1102894593919523,8331795863
lnhxaraihdmhnfkb,4993053817971462,96183001679
ebdlayidyusfwglf,5217953596855399,70086124553
vmvuoonssabqnyyl,7423428761075615,27975132382
vsyjmogkifnboeap,5430287106952999,61775857502
kqggaenoxpdhvmnk,8801881890192416,33228347978
pfqziepbmqpnhdhn,2701116063502223,43924392758
pfqziepbmqpnhdhn,9.13699584834045E+015,4278519993
lnwonskwbnlawhxt,9.79828197236697E+015,46738839126
qbeycovhxdimfpvm,3363420274495366,29457768018
jorrtufzmqqmfenz,8817807388866854,52610370849
krgrthtivjqomdho,9.54641432608949E+015,40311727522
zjnrexnfgjrqhhdz,5650875324941924,97376804084
prxhibpbrzponafo,227227956076985,23862435490
svhszoygxnjokleq,9.31640888310797E+015,3800380641
czbuxptnysnkgexv,2142117693185793,98575161173
gkmxnvosgkjwrpbw,4966121002561683,81152713816
gjjfequomahazhlf,442235479396184,18521202644
xehdljxutkissluz,1713448974419038,9783526804
icjtjeptqprxmozo,944829138249922,52461385469
exrkpvmqovzfprce,6548013718033814,57017543645
vbjhnpufqxsfvldg,1944558482116540,3065319571
ckvzclsabywykcns,4078262190560968,543741347
jbcmzyeuykcxntrc,2942661715720765,98182681188
uoycalqdawfpdyfi,4181766977393695,5222335375
onmqdofqwqqwkkhj,6163140321181844,81044287831
hgnvxjaptggqfzjd,5836928952562041,28835358635
abygcmrxtzqyflxz,5502152770234134,123177678
clytqyunjbzeustx,3026278510738588,5781690061
wvjijfchumtrkpat,2632011781665355,78857320409
amizaewpjuhwaatx,5746269095234154,93924340222
iwwxaebvouqjpxkx,3960893630558263,71827025298
yoygykfbmicrrkgx,2730384784773817,89383081971
wjjjdfzttftgcswl,7181735055736568,3014412668
ioevdftyyuqevats,8532822637368259,5462681973
fjrybsgvtdtsjrbv,6583195506151414,59111547853
pvtdrjzcdqvxlhyx,6739947888317760,84533938516
pitelckeftyxtfhl,3129435216044502,68078928703
lsbobkpkpaywvsmk,7753529195762587,3198850975
vtgmjgvadyohxmfh,1359159865906012,38975890835
rlyzszmmzsrplham,7517999279574251,8296740419
vdefwtyehjhpmfim,1708896842045517,98154874794
bagnfubuvmsanyav,6926855896733107,8966107439
rtejsbywepqzknao,9.79308035352496E+015,46273879940
grlttstiwtnvynvi,7083146475021417,47976719103
tbgjpksnqtrriexe,4069164983647136,91545270108
xdkzbsmzvddnands,1251345095231112,80621804510
bkkcvvifplyemcqy,1985630671335488,28716798564
txchchsmvmocozpi,3072412921423062,450386325
gjjfequomahazhlf,7456059785142656,60891345324
wysglentpkmxmuqn,322457540617838,61268010094
pywyadfkjvvuojlf,8861975915571904,71986937222
cnglpzzclhyxoorg,5867403699657598,77986369964
njhnzxniszbhxmqo,7536083118786190,83399426238
ngwrbkljnbkczsnc,9.50580043968572E+015,40367481107
wysglentpkmxmuqn,3870397346564067,49157455129
qznzxlndmhlrtmvg,845488666763968,42606254771
lgsethrnliijzeum,4181766977393695,69951579917
xdvxfitxlwnjhlgx,6499391872482124,41245506670
xehdljxutkissluz,7646026790159148,92000698907
rezymcebqzabbtgo,8545421357545233,39269404015
suxnjtpukbuwndbp,2756596135601000,94028593122
fzpqydktqnmsrlqt,7199104103313170,43152053131
kdbgurtxbvggfzvs,7098124451373515,55464103433
ssdxosgrxvynfboc,68973544658561,26480704269
vlcwrreijgfbzeax,433454466310715,64284792455
zyxeuvbkupxzyflx,5227356611623435,38092369217
rlecimquqxainebt,2294584075910310,50135306255
ylhakdamouxbddrf,689715433748931,2797104720
pzmtesnpezjobspr,6682883268664806,43060937727
mwbuiogqrbavlffn,1918664477854977,49036537227
cdczozkvlvmwaqsp,6791825319478831,93369333893
qllkrhpgsccmzuzo,7239061293544086,6889726661
lpvbonkasjaxegad,6743069073021105,54564641807
nrkynmimntegemth,3134027871480635,36189842641
rguaiepwrofrvruv,5390587644592422,35002900438
meddppkcjyrnclqc,5010019484191550,30865600726
oeeisicsusvsxeas,1944558482116540,95546892165
apzoqvtweokudfee,3352428079523975,45700789498
yacdlobqoabhorho,1044422283867165,7617940111
nyjyfvdrcigjdupf,3314919799453123,36966823684
zggcznphqpnttytn,4199169138880519,68844176140
